Feature,Importance
Weight,0.3460217790137079
Height,0.1007303976663333
Age,0.09172601544672097
FCVC,0.09021022770937319
Gender,0.05720100500499816
NCP,0.048653021278792626
FAF,0.043544388988170375
TUE,0.043465217452055165
CH2O,0.04089679551999855
CAEC,0.03343115595407892
CALC,0.030663725416497707
family_history_with_overweight,0.028844316306266552
MTRANS,0.019038461852906155
FAVC,0.017770811634607534
SCC,0.0054832151571934835
SMOKE,0.0023194655982993794
